P0_Ab	P3_cm	P3_wt	Name	v_family_l	sequence_alignment_l	sequence_alignment_aa_l	barcode	v_family_h	sequence_alignment_h	sequence_alignment_aa_h
3.0	52057	101.0	HB34	IGLV2-23	CAGTCTGCCCTGACTCAGCCTGCCTCCGTGTCTGGGTCTCCTGGACAGTCGATCACCATCTCCTGCACTGGAACCAGCAGTGATGTTGGGAGTTATAACCTTGTCTCCTGGTACCAACAGCACCCAGGCAAAGCCCCCAAGCTCATGATTTATGAGGGCAGTCAGCGGCCCTCAGGGGTTTCTAATCGCTTCTCTGGGTCCAAGTCTGGCAACACGGCCTCCCTGACAATCTCTGGGCTCCAGGCTGAGGACGAGGCTGATTATTACTGCTGCTCATATGCAAGTAGTACCTCTTATGTCTTCGGAACTGGGACCAAGGTCACCGTCCTAG	QSALTQPASVSGSPGQSITISCTGTSSDVGSYNLVSWYQQHPGKAPKLMIYEGSQRPSGVSNRFSGSKSGNTASLTISGLQAEDEADYYCCSYASSTSYVFGTGTKVTVL	P0_Ab-m64108e_231027_171248/30934471/ccs	IGHV3-23	GAGGTGCAGCTGTTGGAGTCTGGGGGAGGCTTGGTACAGCCTGGGGGGTCCCTGAGACTTTCCTGTACAGTCTCTGGATTCACCTCTAGTAATTATGACATGAGCTGGGTCCGCCAGGCTCCGGGGAAGGGGCTGGAGTGGGTCTCAGGTATTAGTGGTACTGGTCGTGACACATACTACGCAGACTCCGTGAAGGGCCGGTTCACCATCTCCAGAGACAATTCCAAGAACACCCTGTCTCTGCAAATGAACAGTCTGAGAGCCGACGACACGGCCGTATATTTCTGTGCGAGAGATCGCCCCGTGTTACGATATTTTGACTGGCAACCATACGGTTTGGACGTCTGGGGCAAAGGGACCACGGTCACCGTCTCCTCAG	EVQLLESGGGLVQPGGSLRLSCTVSGFTSSNYDMSWVRQAPGKGLEWVSGISGTGRDTYYADSVKGRFTISRDNSKNTLSLQMNSLRADDTAVYFCARDRPVLRYFDWQPYGLDVWGKGTTVTVSS
1.0	2978	42758.0	HB315	IGKV1-39	GAAATAGTGATGACGCAGTCTCCATCCTCCCTGTCTGCATCTGTAGGAGACAGAGTCACCATCACTTGCCGGGCAAGTCAGAGCATTAACAACCATTTAAATTGGTATCAGCAGAAACCAGGGAAAGCCCCTAAGCTCCTGATCTATGCTGCATCCAGTTTGCAAAGTGGGGTCCCATCAAGGTTCAGTGGCAGTGGATCTGGGACAGATTTCACTCTCACCATCAGCAGTCTGCAACCTGCAGATTTTGCAACTTACCACTGTCAACAGAGTTACGGTGTCCCCTTGACGTTCGGCCAAGGGACCAAGGTGGAAATCAAAC	EIVMTQSPSSLSASVGDRVTITCRASQSINNHLNWYQQKPGKAPKLLIYAASSLQSGVPSRFSGSGSGTDFTLTISSLQPADFATYHCQQSYGVPLTFGQGTKVEIK	P0_Ab-m64108e_231027_171248/19466537/ccs/fwd	IGHV3-23	GAGGTGCAGCTGTTGGAGTCTGGGGGAGGCTTGGCACAGCCTGGGGGGTCCCTGAGACTGTCCTGTACAGCCTCTGGATTCACCTTCAGCAACTTTGCCATGAACTGGGTCCGCCAGGCTCCAGGGAAGGGCCTGGAGTGGGTCTCCTTTATTAATAGCGGCAGTGGCAGCACATACTATGCAGACTCCGTGAAGGGCCGGTTCACCATCTCCAGAGATAATTCCGAGAACACACTGTTTCTGCAAATGAACAGCCTGAGAGCCGAGGACACGGCCGTATATTACTGTGCGAAAGACTTAGGGCGGGCGATTTTTGGACTGGTTATCCCAGAGGGTGCTTTTGATATCTGGGGCCAAGGGACAATGGTCACCGTCTCTTCAG	EVQLLESGGGLAQPGGSLRLSCTASGFTFSNFAMNWVRQAPGKGLEWVSFINSGSGSTYYADSVKGRFTISRDNSENTLFLQMNSLRAEDTAVYYCAKDLGRAIFGLVIPEGAFDIWGQGTMVTVSS
2.0	11923	9000.0		IGKV4-1	CCGATATTGATGACCCAGACTCCACCCTCCCTGGCTGTGTCTCTGGGCGAGAGGGCCACCATCAACTGCAAGTCCAGCCAGAGTGTTTTATACAGCTCCAACAGTAGGAACTACTTAAGTTGGTACCAACAGAAACCAGGACAGCCTCCTAAGCTGCTCATTTACTGGGCATCTGCCCGGGAATCCGGGGTCCCTGACCGATTTAGTGGCAGCGGGTCTGCGACAGATTTCACTCTCACCATCAGCAGCCTGCAGGCTGAAGATGTGGCAGTTTATTACTGTCAGCAAAATTACGGTACTCCGTTCACTTTCGGCGGAGGGACCAAGGTGGAAATCAAAC	PILMTQTPPSLAVSLGERATINCKSSQSVLYSSNSRNYLSWYQQKPGQPPKLLIYWASARESGVPDRFSGSGSATDFTLTISSLQAEDVAVYYCQQNYGTPFTFGGGTKVEIK	P2_cm-m64108e_231027_171248/985440/ccs	IGHV3-15	GAGGTGCAGCTGTTGGAGTCTGGGGGAGGCTTGGTAAAGCCGGGGGGGTCCCTTAGACTCTCCTGTGCAGTCTCTGGACTCACTTTCAGTAACGCCTGGATGACCTGGGTCCGCCAGGCTCCAGGGAAGGGGCTGGAGTGGCTTGGCCGTATTAAAAGTAAAAGTGATGGTGGGGCAGCAGAGTACGCTGCACCCGTGGAAGGCAGACTCACCATCTCAAGAGATGATTCAAAAAATACGCTGTATCTGCAAATGAACAGTCTGAAAAGCGAGGACACAGCCGTGTATTATTGCACGACAGATCCTTCGAGGTACCTGCCTTATTATGGTCTGGACGTCTGGGGCCAGGGGACCACGGTCACCGTCTCCTCAG	EVQLLESGGGLVKPGGSLRLSCAVSGLTFSNAWMTWVRQAPGKGLEWLGRIKSKSDGGAAEYAAPVEGRLTISRDDSKNTLYLQMNSLKSEDTAVYYCTTDPSRYLPYYGLDVWGQGTTVTVSS
0.0	2398	12.0		IGLV2-14	TCCTATGAGCTGACTCAGCCTGCCTCCGTGTCTGGGTCCCCTGGACAGTCGGTCACCATCTCCTGCACTGGAACCAGCAGTGACGTTGGTGGTTATAACTATGTCTCCTGGTACCGGCAGTACCCAGGCAAAGCCCCCAAACTCCTGATTTATGAGGTCACTAATCGGCCCCCAGGGGTCTCTACTCGCTTCTCTGGCTCCAAGTCTGGCAACACGGCCTCCCTGACCATCTCTGGTCTCCAGGCTGAGGACGAGGCTGATTATTACTGCAGCTCATATACAAGCAGCAGCACTTGGGTGTTCGGCGGAGGGACCAAGCTGACCGTCGTAG	SYELTQPASVSGSPGQSVTISCTGTSSDVGGYNYVSWYRQYPGKAPKLLIYEVTNRPPGVSTRFSGSKSGNTASLTISGLQAEDEADYYCSSYTSSSTWVFGGGTKLTVV	P2_cm-m64108e_231027_171248/1312331/ccs	IGHV3-23	GAGGTGCAGCTGGTGGAGTCTGGGGGAGGCTTGGTACAGCCTGGGGGGTCCCTGAGACTCTCCTGTACAGTCTCTGGATTCACCTCTAGTAATTATGACATGAGCTGGGTCCGCCAGGCTCCGGGGAAGGGGCTGGAGTGGGTCTCAGGTATTAGTGGTACTGGTCGTGACACATACTACGCAGACTCCGTGAAGGGCCGGTTCACCATCTCCAGAGACAATTCCAAGAGCACCCTGTCTCTGCAAATGAACAGTCTGAGAGCCGACGACACGGCCGTATATTTCTGTGCGAGAGATCGCCCCGTGTTACGATATTTTGACTGGCAACCATACGGTTTGGACGTCTGGGGCAAAGGGACCACGGTCACCGTCTCCTCAG	EVQLVESGGGLVQPGGSLRLSCTVSGFTSSNYDMSWVRQAPGKGLEWVSGISGTGRDTYYADSVKGRFTISRDNSKSTLSLQMNSLRADDTAVYFCARDRPVLRYFDWQPYGLDVWGKGTTVTVSS
0.0	2126	0.0	HB31	IGLV2-8	CAGTCTGTGCTGACTCAGCCTCCCTCCGCGTCCGGGTCTCCTGGACAGTCAGTCACCATCTCCTGCACTGGAACCAGCAGTGACGTTGGTGGTTATAACTATGTCTCCTGGTACCAACAATACCCAAGCAAAGCCCCCAAACTCATGATTTATGAGGTCAGTAAGCGGCCCTCAGGGGTCCCTGATCGCTTCTCTGGCTCCAAGTCTGGCAACACGGCCTCCCTGACCGTCTCTGGGCTCCAGGCTGAGGATGAGGCTGACTATTACTGCAACTCATATGCAGGCAGCAACCTTTATGTCTTCGGAACTGGGACCAAGGTCACCGTCCTAG	QSVLTQPPSASGSPGQSVTISCTGTSSDVGGYNYVSWYQQYPSKAPKLMIYEVSKRPSGVPDRFSGSKSGNTASLTVSGLQAEDEADYYCNSYAGSNLYVFGTGTKVTVL	P2_cm-m64108e_231027_171248/6553605/ccs	IGHV3-23	GAGGTGCAGCTGTTGGAGTCTGGGGGAGGCTTGGTACAGCCTGGGGGGTCCCTGAGACTCTCCTGTACAGTCTCTGGATTCACCTCTAGTAATTATGACATGAGCTGGGTCCGCCAGGCTCCGGGGAAGGGGCTGGAGTGGGTCTCAGGTATTAGTGGTACTGGTCGTGACACATACTACGCAGACTCCGTGAAGGGCCGGTTCACCATCTCCAGAGACAATTCCAAGAACACCCTGTCTCTGCAAATGAACAGTCTGAGAGCCGACGACACGGCCGTATATTTCTGTGCGAGAGATCGCCCCGTGTTACGATATTTTGACTGGCAACCATACGGTTTGGACGTCTGGGGCAAAGGGACCACGGTCACCGTCTCCTCAG	EVQLLESGGGLVQPGGSLRLSCTVSGFTSSNYDMSWVRQAPGKGLEWVSGISGTGRDTYYADSVKGRFTISRDNSKNTLSLQMNSLRADDTAVYFCARDRPVLRYFDWQPYGLDVWGKGTTVTVSS
1.0	467	981.0		IGKV1-6	GATATTGTGATGACTCAGTCTCCAGCCTCCCTGTCTGCATCTATAGGAGACAGAGTCACCATCACTTGCCGGGCAAGCCTCGGCATTGGAAATGCCTTAGGCTGGTATCAACAGACAGCAGGGAGAGCCCCTAAGCTCCTGATCTATGCTGCGACCAGTTTGCAAAGTGGGGTCCCATCTAGATTCAGCGGCAGTGGATCTGGGACAGAATTCACTCTCGCCATCGACGGCCTGCAGCCTGAAGACTCTGCAGTTTATTACTGTCTTCAAGATGTTCATTACCCGTGGACATTCGGCCAAGGGACCAGGGTGGAAGTCA	DIVMTQSPASLSASIGDRVTITCRASLGIGNALGWYQQTAGRAPKLLIYAATSLQSGVPSRFSGSGSGTEFTLAIDGLQPEDSAVYYCLQDVHYPWTFGQGTRVEV	P2_cm-m64108e_231027_171248/722199/ccs	IGHV4-61	CAGGTACAGCTGCAGCAGTCGGGCCCAGGGCTGGTGAAGCCTTCACAGACCCTGTCCCTCACCTGCACTGTCTCTGGTGGCTCCATCACCAGTAGTCCTTACTACTGGAGCTGGATCCGGCAGCTCGCCGGGAAAGGACTCCAGTGGATTGGGCGTATTTCTTCCAGTGGGAGCACCAGCTACCACCCCTCTCTCAAGGGTCGAGTCAGCTTGGGCACCC	QVQLQQSGPGLVKPSQTLSLTCTVSGGSITSSPYYWSWIRQLAGKGLQWIGRISSSGSTSYHPSLKGRVSLGT
0.0	1044	173.0		IGKV1-33	CGAATTGTGTTGACGCAGTCTCCAGTCTCCCTGTCTGCGTCTGTAGACGACAGAGTCACCATCACTTGCCAGGCGAGTCAGGACATTGGCCTCTTTGTCAATTGGTATCAGCAGAAACCAGGGGAATCCCCTAGACTCCTCATCTACGATGCCTCCACTTTAGAGGAAGGGGTCCCGTCTAGGTTCAGCGGTTTTGGTTCTGGGACACATTTTTCCTTCGTCATCAACAGCGTGCAGCCTGAAGATGTTGCAACATATTTCTGTCTCCAGTGTAATGATGTCCCATTCGCTTTTGGCCGGGGAACGAAACTGGA	RIVLTQSPVSLSASVDDRVTITCQASQDIGLFVNWYQQKPGESPRLLIYDASTLEEGVPSRFSGFGSGTHFSFVINSVQPEDVATYFCLQCNDVPFAFGRGTKL	P2_cm-m64108e_231027_171248/8978958/ccs	IGHV5-51	GAGGTGCAGCTGGTGGAGTCTGGAGCAGAGGTGAGACAGCCCGGGGAGTCTCTGAACATCTCCCGTAAGGCCTCTGGATACAAGTTCACCAACTTCTGGGTCAATTGGATGCGCCAGATGCCCGGGGGAGGCCTGGAGTGGATGGGGGTCGTCTTTCCTAGAGACTCTGATACGAGATATAGTCCGGCTTTCGAGGGCCGGGCCGCCATGTCAGTCGACACATCCATCAACTCCGCCTTCCTACACTTGACCAACTTACAGGCCCCGGACACCGCCGTCTATTACTGTGCGAGTGGGTCGGCGGACTACTGGGGCCAGGGAACCCCGGTCCTAGTCTCCTCAG	EVQLVESGAEVRQPGESLNISRKASGYKFTNFWVNWMRQMPGGGLEWMGVVFPRDSDTRYSPAFEGRAAMSVDTSINSAFLHLTNLQAPDTAVYYCASGSADYWGQGTPVLVSS
0.0	103	874.0		IGLV4-60	CAGTCTGCCCTGACTCAGTCATCGTCTGCCTCTGCTTCCCTGGGATCCTCGGTCAAGCTCACCTGCACTCTGACCAGTGGGCACAGTAGCAACATCACCGCTTGGCATCGGCAGCAGCCAGGAAAGGCCCCTCGGTCAGCCCAAGGCTGCCCCCTCGGTCACTCTGTTCCCGCCCTC	QSALTQSSSASASLGSSVKLTCTLTSGHSSNITAWHRQQPGKAPRSAQGCPLGHSVPAL	P2_cm-m64108e_231027_171248/19662522/ccs	IGHV4-4	CAGGTGCAGCTGCAGGAGTCGGGCCCAGGACTGGTGAAGCCTTCGGGGACCCTGTCCCTCACCTGCACTGTTTCTGGTGGCTCCCTCAACAGTA---ACTGGTGGAGTTGGGTCCGCCAGCCCCGAGGGAAGGGGCTGGAGTGGATTGGAGAGGTCTCTCATGGTGGGAAGACCAAGTACAACCCGTCCCTCGACAGCCGAGTCACCATGTCGGTAGACAAGTCCAAGAACCAGTTCTCCCTGAGGCTGAACTCTGTGACCGCCGCGGACACGGCCGTGTATTATTGTGCGAGCAGCCCTCTCCTACGTGAAAGGTCGCCCCCTCTTGACCTCTGGGGCCAGGGAACCCTGGTCACCGTCTCCTCAG	QVQLQESGPGLVKPSGTLSLTCTVSGGSLNSNWWSWVRQPRGKGLEWIGEVSHGGKTKYNPSLDSRVTMSVDKSKNQFSLRLNSVTAADTAVYYCASSPLLRERSPPLDLWGQGTLVTVSS
0.0	874	67.0		IGLV2-14	CCAGGCTGTGTGACTCAGCCTGCCTCCGTGTCTGGGTCTCCTGGACAGTCGATCACCATCTCCTGCACTGGAACCAGCAGTGACGTTGGTGGTTATAACTACGTCTCCTGGTACCAACAACACCCAGGCAAGGCCCCCAAACTCATGATTTATGATGTCAGTAATCGGCCCTCAGGGGTTTCTAATCGCTTCTCTGGCTCCAAGTCTGGCAACACGGCCTCCCTGACCATCTCTGGGCTCCAGGCTGAGGACGAGGCTGATTATTACTGCAGCTCATATACAAGCAGTAGCACTTATGTCTTCGGAACTGGGACCAAGGTCACCGTCCTAG	PGCVTQPASVSGSPGQSITISCTGTSSDVGGYNYVSWYQQHPGKAPKLMIYDVSNRPSGVSNRFSGSKSGNTASLTISGLQAEDEADYYCSSYTSSSTYVFGTGTKVTVL	P2_cm-m64108e_231027_171248/19530950/ccs	IGHV4-61	CAGGTGCAGCTGCAGGAGTCGGGCCCGGGACTGGTGAGGCCTTCACAGACCCTGTCCCTCACCTGCTCTGTCTCTGGTGGCTCCATCAACAATGCTAGTTATTACTGGAGCTGGATCCGGCAGCCCGCCGGGAAGAGACTGGAGTGGATTGGGCGTCTCTATTCCAGTGGGAGCACCAACTACACCCCCTCCCTCAAGAGTCGAGTCAAGGACTACTTCCCCGAACCGGTGACGGTGTCGTGGAACTCAGGCGCCCTGACCAGCGGCGTGCACACCTTCCCGGCTGTCCTACAGTCCTCAGGACTCTACTCCCTCAGCAGCGTGGTGACCGTGCCCTCCAGCAGCTTGGGCACCC	QVQLQESGPGLVRPSQTLSLTCSVSGGSINNASYYWSWIRQPAGKRLEWIGRLYSSGSTNYTPSLKSRVKDYFPEPVTVSWNSGALTSGVHTFPAVLQSSGLYSLSSVVTVPSSSLGT
1.0	205	640.0		IGLV1-51	CCAGCTGTGCTGACGCAGCCGCCCTCAGTGTCTGGGGCCCCAGGACGGAAGGTCACCATCTCCTGCTCTGGAAGCAGCTCCGACATTGGGAATAATTATGTATCCTGGTACCAGCAGCTCCCAGGAACAGCCCCCAAACTCCTCATTTATGACAATAATAAGCGACCCTCAGGGATTCCTGACCGATTCTCTGGCTCCAAGTCTGGCACGTCAGCCACCCTGGGCATCACCGGACTCCAGACTGGGGACGAGGCCGATTATTACTGCGGAACATGGGATAGCAGCCTGAGTGCTTATGTCTTCGGAACTGGGACCAAGGTCACCGTCCTAG	PAVLTQPPSVSGAPGRKVTISCSGSSSDIGNNYVSWYQQLPGTAPKLLIYDNNKRPSGIPDRFSGSKSGTSATLGITGLQTGDEADYYCGTWDSSLSAYVFGTGTKVTVL	P0_Ab-m64108e_231027_171248/35849968/ccs	IGHV3-15	GAGGTGCAGCTGGTGCAGTCTGGGGGAGGCTTGGTAAAGCCTGAGGGGTCCCTTAGATTCTCCTGTGCAGCCTCTGGATTCACTTTCAGTAACACCTGGATGAACTGGGTCCGCCAGGCTCCAGGGAAGGGGCTGGAGTGGGTTGGCCGTATTAAAAGCAAAATTGATGGTGGGACAATAAACTACGCTGCACCCGTGAAAGGCAGATTCAGCATCTCAAGAGATGATTCAAAAGACACCTTGTATTTGCAAATGAACAGCCTGAAAAGCGAGGACACAGCCATTTATTACTGTACCTCCCGTCTGACCTCAGCACAAGCGACATATGGTTCGCGGAGATCCAACTGGTTCGATCCCTGGGGCCAGGGAACCCTGGTCACTGTCTCCTCAG	EVQLVQSGGGLVKPEGSLRFSCAASGFTFSNTWMNWVRQAPGKGLEWVGRIKSKIDGGTINYAAPVKGRFSISRDDSKDTLYLQMNSLKSEDTAIYYCTSRLTSAQATYGSRRSNWFDPWGQGTLVTVSS
